<?xml version = '1.0' encoding = 'UTF-8'?>
<relationalModel class="oracle.dbtools.crest.model.design.relational.RelationalDesign" name="Relational_1" id="6C655D7D-2B45-3482-F9F5-9703B025FD41" mainViewID="9D06A69E-2E8C-6CF7-7409-F806449F4A06">
<createdBy>cardo</createdBy>
<createdTime>2023-09-15 03:08:49 UTC</createdTime>
<ownerDesignName>MER_Restaurante</ownerDesignName>
<shouldBeOpen>false</shouldBeOpen>
<selectedRDBMSSite>32076570-2523-435C-2E92-BF29817DFF70</selectedRDBMSSite>
</relationalModel>