<?xml version = '1.0' encoding = 'UTF-8'?>
<Diagram class="oracle.dbtools.crest.swingui.logical.DPVLogical" name="Logical" id="D46B107A-03BC-8FFE-143E-0685FF580CBB">
<createdBy>cardo</createdBy>
<modifiedBy>cardo</modifiedBy>
<createdTime>2023-09-15 03:39:07 UTC</createdTime>
<autoRoute>false</autoRoute>
<boxInbox>true</boxInbox>
<showLegend>false</showLegend>
<showLabels>false</showLabels>
<showRelAttributes>false</showRelAttributes>
<gridEnabled>false</gridEnabled>
<showGrid>false</showGrid>
<diagramColor>-1</diagramColor>
<display>false</display>
<notation>1</notation>
<objectViews>
<OView class="oracle.dbtools.crest.swingui.logical.TVEntity" oid="1C707A4E-6F9C-D3A8-0CBD-21E95428F202" otype="Entity" vid="0D1037FA-8898-B4C6-DD1B-41A63CC7ACD0">
<hideElementsInCurrentOnly>false</hideElementsInCurrentOnly>
<bounds x="306" y="15" width="170" height="225"/>
</OView>
<OView class="oracle.dbtools.crest.swingui.logical.TVEntity" oid="A81B7E4E-438F-1077-8A09-850830D8273B" otype="Entity" vid="8842AAB5-8AC0-55E3-4557-0D3064DD5ED6">
<hideElementsInCurrentOnly>false</hideElementsInCurrentOnly>
<bounds x="595" y="281" width="170" height="72"/>
</OView>
<OView class="oracle.dbtools.crest.swingui.logical.TVEntity" oid="B3DE09CB-DF93-86E0-ACA1-5950AB7AF0AF" otype="Entity" vid="88CE1C29-4F7F-5CBE-F6CF-54E9862AD75F">
<hideElementsInCurrentOnly>false</hideElementsInCurrentOnly>
<bounds x="60" y="256" width="170" height="142"/>
</OView>
<OView class="oracle.dbtools.crest.swingui.logical.TVEntity" oid="BBE610D5-8226-D33F-D268-DE82F62CED53" otype="Entity" vid="20E1AE0C-A15D-D1EB-ABB6-7E06968BF787">
<hideElementsInCurrentOnly>false</hideElementsInCurrentOnly>
<bounds x="44" y="21" width="170" height="99"/>
</OView>
<OView class="oracle.dbtools.crest.swingui.logical.TVEntity" oid="E1D9D8DD-3121-44C1-59B5-F569EEACDD3A" otype="Entity" vid="77C2A06B-0BC3-D21D-F804-844D2E87B5FE">
<hideElementsInCurrentOnly>false</hideElementsInCurrentOnly>
<bounds x="318" y="280" width="170" height="87"/>
</OView>
<OView class="oracle.dbtools.crest.swingui.logical.TVEntity" oid="EC23F674-0BF0-B10A-CFAC-A19366C41DA6" otype="Entity" vid="B4AC16B9-7DF1-6E9B-6462-EBB1DA80DC15">
<hideElementsInCurrentOnly>false</hideElementsInCurrentOnly>
<bounds x="603" y="19" width="170" height="99"/>
</OView>
</objectViews>
<connectors>
<Connector class="oracle.dbtools.crest.swingui.logical.TVRelation" oid="5D2CD3B6-4DE4-A7B0-5CA5-9B1270D0447D" otype="Relation" vid_source="B4AC16B9-7DF1-6E9B-6462-EBB1DA80DC15" vid_target="0D1037FA-8898-B4C6-DD1B-41A63CC7ACD0">
<hideElementsInCurrentOnly>false</hideElementsInCurrentOnly>
<backgroundColor>-16777216</backgroundColor>
<lineWidth>1</lineWidth>
<points>
<point x="603" y="68"/>
<point x="476" y="68"/>
</points>
</Connector>
<Connector class="oracle.dbtools.crest.swingui.logical.TVRelation" oid="8CA45E19-6975-3951-57F8-765D18A3E436" otype="Relation" vid_source="20E1AE0C-A15D-D1EB-ABB6-7E06968BF787" vid_target="0D1037FA-8898-B4C6-DD1B-41A63CC7ACD0">
<hideElementsInCurrentOnly>false</hideElementsInCurrentOnly>
<backgroundColor>-16777216</backgroundColor>
<lineWidth>1</lineWidth>
<points>
<point x="214" y="70"/>
<point x="306" y="70"/>
</points>
</Connector>
<Connector class="oracle.dbtools.crest.swingui.logical.TVRelation" oid="DED6BCBE-04FC-C0A7-23B9-8FD18EE38DF0" otype="Relation" vid_source="77C2A06B-0BC3-D21D-F804-844D2E87B5FE" vid_target="88CE1C29-4F7F-5CBE-F6CF-54E9862AD75F">
<hideElementsInCurrentOnly>false</hideElementsInCurrentOnly>
<backgroundColor>-16777216</backgroundColor>
<lineWidth>1</lineWidth>
<points>
<point x="318" y="323"/>
<point x="230" y="323"/>
</points>
</Connector>
<Connector class="oracle.dbtools.crest.swingui.logical.TVRelation" oid="ED65F2B3-94D0-34ED-4482-1A27082A9382" otype="Relation" vid_source="8842AAB5-8AC0-55E3-4557-0D3064DD5ED6" vid_target="77C2A06B-0BC3-D21D-F804-844D2E87B5FE">
<hideElementsInCurrentOnly>false</hideElementsInCurrentOnly>
<backgroundColor>-16777216</backgroundColor>
<lineWidth>1</lineWidth>
<points>
<point x="595" y="317"/>
<point x="488" y="317"/>
</points>
</Connector>
</connectors>
</Diagram>