<?xml version = '1.0' encoding = 'UTF-8'?>
<Relation class="oracle.dbtools.crest.model.design.logical.Relation" name="esta" directorySegmentName="seg_0" id="5D2CD3B6-4DE4-A7B0-5CA5-9B1270D0447D">
<createdBy>cardo</createdBy>
<createdTime>2023-09-15 04:43:25 UTC</createdTime>
<ownerDesignName>MER_Restaurante</ownerDesignName>
<engineerTo>
<item key="6C655D7D-2B45-3482-F9F5-9703B025FD41" value="true"/>
</engineerTo>
<sourcePk>8B57FF36-9688-E8F3-1591-1ADFDC479899</sourcePk>
<targetPk>77120C24-3CFD-CD64-585F-2DF9983027DC</targetPk>
<identifying>false</identifying>
<optionalSource>true</optionalSource>
<optionalTarget>false</optionalTarget>
<sourceCardinality>*</sourceCardinality>
<sourceEntity>EC23F674-0BF0-B10A-CFAC-A19366C41DA6</sourceEntity>
<targetCardinalityString>1</targetCardinalityString>
<targetEntity>1C707A4E-6F9C-D3A8-0CBD-21E95428F202</targetEntity>
<transferable>true</transferable>
<deleteRule>NO ACTION</deleteRule>
</Relation>