<?xml version = '1.0' encoding = 'UTF-8'?>
<Relation class="oracle.dbtools.crest.model.design.logical.Relation" name="pertenece" directorySegmentName="seg_0" id="8CA45E19-6975-3951-57F8-765D18A3E436">
<createdBy>cardo</createdBy>
<createdTime>2023-09-15 04:41:34 UTC</createdTime>
<ownerDesignName>MER_Restaurante</ownerDesignName>
<engineerTo>
<item key="6C655D7D-2B45-3482-F9F5-9703B025FD41" value="true"/>
</engineerTo>
<sourcePk>EFF891B6-9990-5497-2AD2-05EECD223C62</sourcePk>
<targetPk>77120C24-3CFD-CD64-585F-2DF9983027DC</targetPk>
<identifying>false</identifying>
<optionalSource>false</optionalSource>
<optionalTarget>false</optionalTarget>
<sourceCardinality>*</sourceCardinality>
<sourceEntity>BBE610D5-8226-D33F-D268-DE82F62CED53</sourceEntity>
<targetCardinalityString>1</targetCardinalityString>
<targetEntity>1C707A4E-6F9C-D3A8-0CBD-21E95428F202</targetEntity>
<transferable>true</transferable>
<deleteRule>NO ACTION</deleteRule>
</Relation>