<?xml version = '1.0' encoding = 'UTF-8'?>
<Relation class="oracle.dbtools.crest.model.design.logical.Relation" name="tiene" directorySegmentName="seg_0" id="DED6BCBE-04FC-C0A7-23B9-8FD18EE38DF0">
<createdBy>cardo</createdBy>
<createdTime>2023-09-15 04:46:43 UTC</createdTime>
<ownerDesignName>MER_Restaurante</ownerDesignName>
<engineerTo>
<item key="6C655D7D-2B45-3482-F9F5-9703B025FD41" value="true"/>
</engineerTo>
<sourcePk>63498209-18DB-4BE6-3F68-DA211A27F484</sourcePk>
<targetPk>4C737D0F-0402-6F02-9FFC-D5BC3E6E15D3</targetPk>
<identifying>false</identifying>
<optionalSource>true</optionalSource>
<optionalTarget>false</optionalTarget>
<sourceCardinality>*</sourceCardinality>
<sourceEntity>E1D9D8DD-3121-44C1-59B5-F569EEACDD3A</sourceEntity>
<targetCardinalityString>1</targetCardinalityString>
<targetEntity>B3DE09CB-DF93-86E0-ACA1-5950AB7AF0AF</targetEntity>
<transferable>true</transferable>
<deleteRule>NO ACTION</deleteRule>
</Relation>