<?xml version = '1.0' encoding = 'UTF-8'?>
<Relation class="oracle.dbtools.crest.model.design.logical.Relation" name="tienev2" directorySegmentName="seg_0" id="ED65F2B3-94D0-34ED-4482-1A27082A9382">
<createdBy>cardo</createdBy>
<createdTime>2023-09-15 04:49:43 UTC</createdTime>
<ownerDesignName>MER_Restaurante</ownerDesignName>
<engineerTo>
<item key="6C655D7D-2B45-3482-F9F5-9703B025FD41" value="true"/>
</engineerTo>
<sourcePk>FC4684A3-1106-504A-EB6F-C22C0E09503E</sourcePk>
<targetPk>63498209-18DB-4BE6-3F68-DA211A27F484</targetPk>
<identifying>false</identifying>
<optionalSource>false</optionalSource>
<optionalTarget>false</optionalTarget>
<sourceCardinality>*</sourceCardinality>
<sourceEntity>A81B7E4E-438F-1077-8A09-850830D8273B</sourceEntity>
<targetCardinalityString>1</targetCardinalityString>
<targetEntity>E1D9D8DD-3121-44C1-59B5-F569EEACDD3A</targetEntity>
<transferable>true</transferable>
<deleteRule>NO ACTION</deleteRule>
</Relation>