<?xml version = '1.0' encoding = 'UTF-8'?>
<Entity class="oracle.dbtools.crest.model.design.logical.Entity" directorySegmentName="seg_0" id="1C707A4E-6F9C-D3A8-0CBD-21E95428F202" name="Cliente">
<createdBy>cardo</createdBy>
<createdTime>2023-09-15 03:41:17 UTC</createdTime>
<ownerDesignName>MER_Restaurante</ownerDesignName>
<engineerTo>
<item key="6C655D7D-2B45-3482-F9F5-9703B025FD41" value="true"/>
</engineerTo>
<adequatelyNormalized>NO</adequatelyNormalized>
<expectedVolumes>0</expectedVolumes>
<fwdEngineeringStrategyName>Single Table</fwdEngineeringStrategyName>
<growthPercent>0</growthPercent>
<growthType>Year</growthType>
<maxVolumes>9999999</maxVolumes>
<minVolumes>0</minVolumes>
<normalForm>Third</normalForm>
<attributes itemClass="oracle.dbtools.crest.model.design.logical.Attribute">
<Attribute name="id" id="6A7A4BC9-424C-820C-A6B2-70A5D1BFD17B">
<createdBy>cardo</createdBy>
<createdTime>2023-09-15 03:41:32 UTC</createdTime>
<ownerDesignName>MER_Restaurante</ownerDesignName>
<engineerTo>
<item key="6C655D7D-2B45-3482-F9F5-9703B025FD41" value="true"/>
</engineerTo>
<useDomainConstraints>false</useDomainConstraints>
<use>1</use>
<logicalDatatype>LOGDT024</logicalDatatype>
<dataTypeSize>32</dataTypeSize>
<ownDataTypeParameters>32,,</ownDataTypeParameters>
</Attribute>
<Attribute name="tipoIdentificacion" id="995EE55F-7B98-6188-BE20-879091332A80">
<createdBy>cardo</createdBy>
<createdTime>2023-09-15 03:41:50 UTC</createdTime>
<ownerDesignName>MER_Restaurante</ownerDesignName>
<engineerTo>
<item key="6C655D7D-2B45-3482-F9F5-9703B025FD41" value="true"/>
</engineerTo>
<use>0</use>
<ownDataTypeParameters>,,</ownDataTypeParameters>
</Attribute>
<Attribute name="numeroIdentificacion" id="7BF9AC6E-B987-1957-627C-9ACF6ACCAD9D">
<createdBy>cardo</createdBy>
<createdTime>2023-09-15 03:42:49 UTC</createdTime>
<ownerDesignName>MER_Restaurante</ownerDesignName>
<engineerTo>
<item key="6C655D7D-2B45-3482-F9F5-9703B025FD41" value="true"/>
</engineerTo>
<useDomainConstraints>false</useDomainConstraints>
<use>1</use>
<logicalDatatype>LOGDT024</logicalDatatype>
<ownDataTypeParameters>,,</ownDataTypeParameters>
</Attribute>
<Attribute name="primerNombre" id="490553AD-2CFA-A82B-6DCF-3AD5E5BF7C52">
<createdBy>cardo</createdBy>
<createdTime>2023-09-15 03:43:18 UTC</createdTime>
<ownerDesignName>MER_Restaurante</ownerDesignName>
<engineerTo>
<item key="6C655D7D-2B45-3482-F9F5-9703B025FD41" value="true"/>
</engineerTo>
<useDomainConstraints>false</useDomainConstraints>
<use>1</use>
<logicalDatatype>LOGDT024</logicalDatatype>
<dataTypeSize>50</dataTypeSize>
<ownDataTypeParameters>50,,</ownDataTypeParameters>
</Attribute>
<Attribute name="segundoNombre" id="E5EA118A-108B-0CBB-85D5-2262160B2B98">
<createdBy>cardo</createdBy>
<createdTime>2023-09-15 03:43:44 UTC</createdTime>
<ownerDesignName>MER_Restaurante</ownerDesignName>
<engineerTo>
<item key="6C655D7D-2B45-3482-F9F5-9703B025FD41" value="true"/>
</engineerTo>
<nullsAllowed>true</nullsAllowed>
<useDomainConstraints>false</useDomainConstraints>
<use>1</use>
<logicalDatatype>LOGDT024</logicalDatatype>
<dataTypeSize>50</dataTypeSize>
<ownDataTypeParameters>50,,</ownDataTypeParameters>
</Attribute>
<Attribute name="primerApellido" id="318E8FCF-8D29-DFB4-8D15-EA649D4A5B63">
<createdBy>cardo</createdBy>
<createdTime>2023-09-15 03:43:58 UTC</createdTime>
<ownerDesignName>MER_Restaurante</ownerDesignName>
<engineerTo>
<item key="6C655D7D-2B45-3482-F9F5-9703B025FD41" value="true"/>
</engineerTo>
<useDomainConstraints>false</useDomainConstraints>
<use>1</use>
<logicalDatatype>LOGDT024</logicalDatatype>
<dataTypeSize>50</dataTypeSize>
<ownDataTypeParameters>50,,</ownDataTypeParameters>
</Attribute>
<Attribute name="segundoApellido" id="5A0CBAFB-9FB7-BDCA-768A-376FBAB1B776">
<createdBy>cardo</createdBy>
<createdTime>2023-09-15 03:44:18 UTC</createdTime>
<ownerDesignName>MER_Restaurante</ownerDesignName>
<engineerTo>
<item key="6C655D7D-2B45-3482-F9F5-9703B025FD41" value="true"/>
</engineerTo>
<useDomainConstraints>false</useDomainConstraints>
<use>1</use>
<logicalDatatype>LOGDT024</logicalDatatype>
<dataTypeSize>50</dataTypeSize>
<ownDataTypeParameters>50,,</ownDataTypeParameters>
</Attribute>
<Attribute name="correoElectronico" id="17C0B6C8-1FC1-AD17-CF1D-6A813805C920">
<createdBy>cardo</createdBy>
<createdTime>2023-09-15 03:44:45 UTC</createdTime>
<ownerDesignName>MER_Restaurante</ownerDesignName>
<engineerTo>
<item key="6C655D7D-2B45-3482-F9F5-9703B025FD41" value="true"/>
</engineerTo>
<useDomainConstraints>false</useDomainConstraints>
<use>1</use>
<logicalDatatype>LOGDT024</logicalDatatype>
<dataTypeSize>250</dataTypeSize>
<ownDataTypeParameters>250,,</ownDataTypeParameters>
</Attribute>
<Attribute name="correoElectronicoConfirmado" id="B386E614-F717-4791-039D-357FA81E026C">
<createdBy>cardo</createdBy>
<createdTime>2023-09-15 03:45:09 UTC</createdTime>
<ownerDesignName>MER_Restaurante</ownerDesignName>
<engineerTo>
<item key="6C655D7D-2B45-3482-F9F5-9703B025FD41" value="true"/>
</engineerTo>
<useDomainConstraints>false</useDomainConstraints>
<use>1</use>
<logicalDatatype>LOGDT006</logicalDatatype>
<dataTypeSize>1</dataTypeSize>
<ownDataTypeParameters>1,,</ownDataTypeParameters>
</Attribute>
<Attribute name="contraseña" id="5538179C-1927-B8D8-37B4-4D646CAF3441">
<createdBy>cardo</createdBy>
<createdTime>2023-09-15 03:45:43 UTC</createdTime>
<ownerDesignName>MER_Restaurante</ownerDesignName>
<engineerTo>
<item key="6C655D7D-2B45-3482-F9F5-9703B025FD41" value="true"/>
</engineerTo>
<useDomainConstraints>false</useDomainConstraints>
<use>1</use>
<logicalDatatype>LOGDT024</logicalDatatype>
<dataTypeSize>50</dataTypeSize>
<ownDataTypeParameters>50,,</ownDataTypeParameters>
</Attribute>
<Attribute name="fechaNacimiento" id="885641E1-BD24-4921-49BD-293437A75A58">
<createdBy>cardo</createdBy>
<createdTime>2023-09-15 03:46:11 UTC</createdTime>
<ownerDesignName>MER_Restaurante</ownerDesignName>
<engineerTo>
<item key="6C655D7D-2B45-3482-F9F5-9703B025FD41" value="true"/>
</engineerTo>
<useDomainConstraints>false</useDomainConstraints>
<use>1</use>
<logicalDatatype>LOGDT007</logicalDatatype>
<ownDataTypeParameters>,,</ownDataTypeParameters>
</Attribute>
<Attribute name="Pais" id="4103814E-BECC-DD1E-DAAB-7EF1B20A4D20">
<createdBy>cardo</createdBy>
<createdTime>2023-09-15 03:46:29 UTC</createdTime>
<ownerDesignName>MER_Restaurante</ownerDesignName>
<engineerTo>
<item key="6C655D7D-2B45-3482-F9F5-9703B025FD41" value="true"/>
</engineerTo>
<useDomainConstraints>false</useDomainConstraints>
<use>1</use>
<logicalDatatype>LOGDT024</logicalDatatype>
<dataTypeSize>50</dataTypeSize>
<ownDataTypeParameters>50,,</ownDataTypeParameters>
</Attribute>
<Attribute name="numeroCelular" id="06AA10C3-D619-8D54-765A-BA7387FA69BB">
<createdBy>cardo</createdBy>
<createdTime>2023-09-15 03:49:11 UTC</createdTime>
<ownerDesignName>MER_Restaurante</ownerDesignName>
<engineerTo>
<item key="6C655D7D-2B45-3482-F9F5-9703B025FD41" value="true"/>
</engineerTo>
<useDomainConstraints>false</useDomainConstraints>
<use>1</use>
<logicalDatatype>LOGDT019</logicalDatatype>
<dataTypePrecision>15</dataTypePrecision>
<ownDataTypeParameters>,15,</ownDataTypeParameters>
</Attribute>
<Attribute name="numeroCelularConfirmado" id="1ED589AF-B546-9231-EA7E-211494B8F0AE">
<createdBy>cardo</createdBy>
<createdTime>2023-09-15 03:49:41 UTC</createdTime>
<ownerDesignName>MER_Restaurante</ownerDesignName>
<engineerTo>
<item key="6C655D7D-2B45-3482-F9F5-9703B025FD41" value="true"/>
</engineerTo>
<useDomainConstraints>false</useDomainConstraints>
<use>1</use>
<logicalDatatype>LOGDT006</logicalDatatype>
<dataTypeSize>1</dataTypeSize>
<ownDataTypeParameters>1,,</ownDataTypeParameters>
</Attribute>
</attributes>
<identifiers itemClass="oracle.dbtools.crest.model.design.logical.CandidateKey">
<identifier id="77120C24-3CFD-CD64-585F-2DF9983027DC" name="Cliente PK">
<createdBy>cardo</createdBy>
<createdTime>2023-09-15 03:41:47 UTC</createdTime>
<ownerDesignName>MER_Restaurante</ownerDesignName>
<engineerTo>
<item key="6C655D7D-2B45-3482-F9F5-9703B025FD41" value="true"/>
</engineerTo>
<pk>true</pk>
<usedAttributes>
<attributeRef>6A7A4BC9-424C-820C-A6B2-70A5D1BFD17B</attributeRef>
</usedAttributes>
</identifier>
</identifiers>
</Entity>