<?xml version = '1.0' encoding = 'UTF-8'?>
<Entity class="oracle.dbtools.crest.model.design.logical.Entity" directorySegmentName="seg_0" id="A81B7E4E-438F-1077-8A09-850830D8273B" name="Categoria">
<createdBy>cardo</createdBy>
<createdTime>2023-09-15 04:31:14 UTC</createdTime>
<ownerDesignName>MER_Restaurante</ownerDesignName>
<engineerTo>
<item key="6C655D7D-2B45-3482-F9F5-9703B025FD41" value="true"/>
</engineerTo>
<adequatelyNormalized>NO</adequatelyNormalized>
<expectedVolumes>0</expectedVolumes>
<fwdEngineeringStrategyName>Single Table</fwdEngineeringStrategyName>
<growthPercent>0</growthPercent>
<growthType>Year</growthType>
<maxVolumes>9999999</maxVolumes>
<minVolumes>0</minVolumes>
<normalForm>Third</normalForm>
<attributes itemClass="oracle.dbtools.crest.model.design.logical.Attribute">
<Attribute name="id" id="7172517E-AA63-0140-F2BB-3E24C0CB7315">
<createdBy>cardo</createdBy>
<createdTime>2023-09-15 04:31:22 UTC</createdTime>
<ownerDesignName>MER_Restaurante</ownerDesignName>
<engineerTo>
<item key="6C655D7D-2B45-3482-F9F5-9703B025FD41" value="true"/>
</engineerTo>
<useDomainConstraints>false</useDomainConstraints>
<use>1</use>
<logicalDatatype>LOGDT024</logicalDatatype>
<dataTypeSize>32</dataTypeSize>
<ownDataTypeParameters>32,,</ownDataTypeParameters>
</Attribute>
<Attribute name="nombre" id="B4698E6D-7265-8E4B-E810-7593945CCEC6">
<createdBy>cardo</createdBy>
<createdTime>2023-09-15 04:31:37 UTC</createdTime>
<ownerDesignName>MER_Restaurante</ownerDesignName>
<engineerTo>
<item key="6C655D7D-2B45-3482-F9F5-9703B025FD41" value="true"/>
</engineerTo>
<useDomainConstraints>false</useDomainConstraints>
<use>1</use>
<logicalDatatype>LOGDT024</logicalDatatype>
<dataTypeSize>20</dataTypeSize>
<ownDataTypeParameters>20,,</ownDataTypeParameters>
</Attribute>
<Attribute name="id1" id="E552834E-6D7B-DA4F-B97D-51D4AADA586F">
<createdBy>cardo</createdBy>
<createdTime>2023-09-15 04:49:50 UTC</createdTime>
<generatorID>ED65F2B3-94D0-34ED-4482-1A27082A9382</generatorID>
<ownerDesignName>MER_Restaurante</ownerDesignName>
<engineerTo>
<item key="6C655D7D-2B45-3482-F9F5-9703B025FD41" value="true"/>
</engineerTo>
<referedAttribute>CA3BD12D-C25C-8719-A64D-5205E3A9EECA</referedAttribute>
<useDomainConstraints>false</useDomainConstraints>
<use>1</use>
<logicalDatatype>LOGDT024</logicalDatatype>
<dataTypeSize>32</dataTypeSize>
<ownDataTypeParameters>,,</ownDataTypeParameters>
</Attribute>
</attributes>
<identifiers itemClass="oracle.dbtools.crest.model.design.logical.CandidateKey">
<identifier id="FC4684A3-1106-504A-EB6F-C22C0E09503E" name="Categoria PK">
<createdBy>cardo</createdBy>
<createdTime>2023-09-15 04:31:33 UTC</createdTime>
<ownerDesignName>MER_Restaurante</ownerDesignName>
<engineerTo>
<item key="6C655D7D-2B45-3482-F9F5-9703B025FD41" value="true"/>
</engineerTo>
<pk>true</pk>
<usedAttributes>
<attributeRef>7172517E-AA63-0140-F2BB-3E24C0CB7315</attributeRef>
</usedAttributes>
</identifier>
</identifiers>
</Entity>