<?xml version = '1.0' encoding = 'UTF-8'?>
<Entity class="oracle.dbtools.crest.model.design.logical.Entity" directorySegmentName="seg_0" id="BBE610D5-8226-D33F-D268-DE82F62CED53" name="TipoIdentificacion">
<createdBy>cardo</createdBy>
<createdTime>2023-09-15 03:39:07 UTC</createdTime>
<ownerDesignName>MER_Restaurante</ownerDesignName>
<engineerTo>
<item key="6C655D7D-2B45-3482-F9F5-9703B025FD41" value="true"/>
</engineerTo>
<adequatelyNormalized>NO</adequatelyNormalized>
<expectedVolumes>0</expectedVolumes>
<fwdEngineeringStrategyName>Single Table</fwdEngineeringStrategyName>
<growthPercent>0</growthPercent>
<growthType>Year</growthType>
<maxVolumes>9999999</maxVolumes>
<minVolumes>0</minVolumes>
<normalForm>Third</normalForm>
<attributes itemClass="oracle.dbtools.crest.model.design.logical.Attribute">
<Attribute name="id" id="480FAF01-AC79-1783-2C8A-D42F99C14333">
<createdBy>cardo</createdBy>
<createdTime>2023-09-15 03:39:22 UTC</createdTime>
<ownerDesignName>MER_Restaurante</ownerDesignName>
<engineerTo>
<item key="6C655D7D-2B45-3482-F9F5-9703B025FD41" value="true"/>
</engineerTo>
<useDomainConstraints>false</useDomainConstraints>
<use>1</use>
<logicalDatatype>LOGDT024</logicalDatatype>
<dataTypeSize>32</dataTypeSize>
<ownDataTypeParameters>32,,</ownDataTypeParameters>
</Attribute>
<Attribute name="nombre" id="002BC861-CAB4-4822-8D30-8C8D175753BD">
<createdBy>cardo</createdBy>
<createdTime>2023-09-15 03:39:42 UTC</createdTime>
<ownerDesignName>MER_Restaurante</ownerDesignName>
<engineerTo>
<item key="6C655D7D-2B45-3482-F9F5-9703B025FD41" value="true"/>
</engineerTo>
<useDomainConstraints>false</useDomainConstraints>
<use>1</use>
<logicalDatatype>LOGDT024</logicalDatatype>
<dataTypeSize>50</dataTypeSize>
<ownDataTypeParameters>50,,</ownDataTypeParameters>
</Attribute>
<Attribute name="codigo" id="09AD3CAA-5431-975F-40D1-4364F81EDD74">
<createdBy>cardo</createdBy>
<createdTime>2023-09-15 03:40:19 UTC</createdTime>
<ownerDesignName>MER_Restaurante</ownerDesignName>
<engineerTo>
<item key="6C655D7D-2B45-3482-F9F5-9703B025FD41" value="true"/>
</engineerTo>
<useDomainConstraints>false</useDomainConstraints>
<use>1</use>
<logicalDatatype>LOGDT024</logicalDatatype>
<dataTypeSize>2</dataTypeSize>
<ownDataTypeParameters>2,,</ownDataTypeParameters>
</Attribute>
<Attribute name="estado" id="2FD19E6B-8C7B-98D9-50C6-6FF911BE6DD7">
<createdBy>cardo</createdBy>
<createdTime>2023-09-15 03:40:36 UTC</createdTime>
<ownerDesignName>MER_Restaurante</ownerDesignName>
<engineerTo>
<item key="6C655D7D-2B45-3482-F9F5-9703B025FD41" value="true"/>
</engineerTo>
<useDomainConstraints>false</useDomainConstraints>
<use>1</use>
<logicalDatatype>LOGDT006</logicalDatatype>
<dataTypeSize>1</dataTypeSize>
<ownDataTypeParameters>1,,</ownDataTypeParameters>
</Attribute>
<Attribute name="id1" id="696296E5-641E-A4FC-6AAD-D457936F9B21">
<createdBy>cardo</createdBy>
<createdTime>2023-09-15 04:41:51 UTC</createdTime>
<generatorID>8CA45E19-6975-3951-57F8-765D18A3E436</generatorID>
<ownerDesignName>MER_Restaurante</ownerDesignName>
<engineerTo>
<item key="6C655D7D-2B45-3482-F9F5-9703B025FD41" value="true"/>
</engineerTo>
<referedAttribute>6A7A4BC9-424C-820C-A6B2-70A5D1BFD17B</referedAttribute>
<useDomainConstraints>false</useDomainConstraints>
<use>1</use>
<logicalDatatype>LOGDT024</logicalDatatype>
<dataTypeSize>32</dataTypeSize>
<ownDataTypeParameters>,,</ownDataTypeParameters>
</Attribute>
</attributes>
<identifiers itemClass="oracle.dbtools.crest.model.design.logical.CandidateKey">
<identifier id="EFF891B6-9990-5497-2AD2-05EECD223C62" name="TipoIdentificacion PK">
<createdBy>cardo</createdBy>
<createdTime>2023-09-15 03:39:39 UTC</createdTime>
<ownerDesignName>MER_Restaurante</ownerDesignName>
<engineerTo>
<item key="6C655D7D-2B45-3482-F9F5-9703B025FD41" value="true"/>
</engineerTo>
<pk>true</pk>
<usedAttributes>
<attributeRef>480FAF01-AC79-1783-2C8A-D42F99C14333</attributeRef>
</usedAttributes>
</identifier>
</identifiers>
</Entity>