<?xml version = '1.0' encoding = 'UTF-8'?>
<Entity class="oracle.dbtools.crest.model.design.logical.Entity" directorySegmentName="seg_0" id="EC23F674-0BF0-B10A-CFAC-A19366C41DA6" name="Pais">
<createdBy>cardo</createdBy>
<createdTime>2023-09-15 03:51:23 UTC</createdTime>
<ownerDesignName>MER_Restaurante</ownerDesignName>
<engineerTo>
<item key="6C655D7D-2B45-3482-F9F5-9703B025FD41" value="true"/>
</engineerTo>
<adequatelyNormalized>NO</adequatelyNormalized>
<expectedVolumes>0</expectedVolumes>
<fwdEngineeringStrategyName>Single Table</fwdEngineeringStrategyName>
<growthPercent>0</growthPercent>
<growthType>Year</growthType>
<maxVolumes>9999999</maxVolumes>
<minVolumes>0</minVolumes>
<normalForm>Third</normalForm>
<attributes itemClass="oracle.dbtools.crest.model.design.logical.Attribute">
<Attribute name="id" id="AB9131F1-5F35-4041-2278-E9E17E6444CF">
<createdBy>cardo</createdBy>
<createdTime>2023-09-15 03:51:49 UTC</createdTime>
<ownerDesignName>MER_Restaurante</ownerDesignName>
<engineerTo>
<item key="6C655D7D-2B45-3482-F9F5-9703B025FD41" value="true"/>
</engineerTo>
<useDomainConstraints>false</useDomainConstraints>
<use>1</use>
<logicalDatatype>LOGDT024</logicalDatatype>
<dataTypeSize>32</dataTypeSize>
<ownDataTypeParameters>32,,</ownDataTypeParameters>
</Attribute>
<Attribute name="nombre" id="54492DFC-5512-B359-B94E-DABA129BD0BA">
<createdBy>cardo</createdBy>
<createdTime>2023-09-15 03:52:09 UTC</createdTime>
<ownerDesignName>MER_Restaurante</ownerDesignName>
<engineerTo>
<item key="6C655D7D-2B45-3482-F9F5-9703B025FD41" value="true"/>
</engineerTo>
<useDomainConstraints>false</useDomainConstraints>
<use>1</use>
<logicalDatatype>LOGDT024</logicalDatatype>
<dataTypeSize>50</dataTypeSize>
<ownDataTypeParameters>50,,</ownDataTypeParameters>
</Attribute>
<Attribute name="codigoIndicativo" id="80F4FFD6-57E7-DD7A-A18C-79A9DCB5104E">
<createdBy>cardo</createdBy>
<createdTime>2023-09-15 03:52:34 UTC</createdTime>
<ownerDesignName>MER_Restaurante</ownerDesignName>
<engineerTo>
<item key="6C655D7D-2B45-3482-F9F5-9703B025FD41" value="true"/>
</engineerTo>
<useDomainConstraints>false</useDomainConstraints>
<use>1</use>
<logicalDatatype>LOGDT024</logicalDatatype>
<dataTypeSize>10</dataTypeSize>
<ownDataTypeParameters>10,,</ownDataTypeParameters>
</Attribute>
<Attribute name="codigoISO3" id="5A2969EA-01B2-C21A-EE84-27F76B5F9732">
<createdBy>cardo</createdBy>
<createdTime>2023-09-15 03:52:56 UTC</createdTime>
<ownerDesignName>MER_Restaurante</ownerDesignName>
<engineerTo>
<item key="6C655D7D-2B45-3482-F9F5-9703B025FD41" value="true"/>
</engineerTo>
<useDomainConstraints>false</useDomainConstraints>
<use>1</use>
<logicalDatatype>LOGDT024</logicalDatatype>
<dataTypeSize>3</dataTypeSize>
<ownDataTypeParameters>3,,</ownDataTypeParameters>
</Attribute>
<Attribute name="bandera" id="F112E20A-E277-1FE3-05EA-913708187415">
<createdBy>cardo</createdBy>
<createdTime>2023-09-15 04:26:11 UTC</createdTime>
<ownerDesignName>MER_Restaurante</ownerDesignName>
<engineerTo>
<item key="6C655D7D-2B45-3482-F9F5-9703B025FD41" value="true"/>
</engineerTo>
<useDomainConstraints>false</useDomainConstraints>
<use>1</use>
<logicalDatatype>LOGDT010</logicalDatatype>
<ownDataTypeParameters>,,</ownDataTypeParameters>
</Attribute>
<Attribute name="id1" id="064C4B98-6CFC-3DD1-73A5-CEBF8804C509">
<createdBy>cardo</createdBy>
<createdTime>2023-09-15 04:43:38 UTC</createdTime>
<generatorID>5D2CD3B6-4DE4-A7B0-5CA5-9B1270D0447D</generatorID>
<ownerDesignName>MER_Restaurante</ownerDesignName>
<engineerTo>
<item key="6C655D7D-2B45-3482-F9F5-9703B025FD41" value="true"/>
</engineerTo>
<nullsAllowed>true</nullsAllowed>
<referedAttribute>6A7A4BC9-424C-820C-A6B2-70A5D1BFD17B</referedAttribute>
<useDomainConstraints>false</useDomainConstraints>
<use>1</use>
<logicalDatatype>LOGDT024</logicalDatatype>
<dataTypeSize>32</dataTypeSize>
<ownDataTypeParameters>,,</ownDataTypeParameters>
</Attribute>
</attributes>
<identifiers itemClass="oracle.dbtools.crest.model.design.logical.CandidateKey">
<identifier id="8B57FF36-9688-E8F3-1591-1ADFDC479899" name="Pais PK">
<createdBy>cardo</createdBy>
<createdTime>2023-09-15 03:52:06 UTC</createdTime>
<ownerDesignName>MER_Restaurante</ownerDesignName>
<engineerTo>
<item key="6C655D7D-2B45-3482-F9F5-9703B025FD41" value="true"/>
</engineerTo>
<pk>true</pk>
<usedAttributes>
<attributeRef>AB9131F1-5F35-4041-2278-E9E17E6444CF</attributeRef>
</usedAttributes>
</identifier>
</identifiers>
</Entity>